Belgium,Bulgaria,Czechia,Denmark,Germany (until 1990 former territory of the FRG),Estonia,Ireland,Greece,Spain,France,Croatia,Italy,Cyprus,Latvia,Lithuania,Luxembourg,Hungary,Malta,Netherlands,Austria,Poland,Portugal,Romania,Slovenia,Slovakia,Finland,Sweden,United Kingdom,Iceland,Norway,Turkey,United States,Japan
327,490,499,160,,,88,551,2258,,272,2395,15,167,268,5,278,11,327,190,2740,289,898,68,486,264,287,1611,,79,,6316,3090
314,523,499,137,,109,87,577,2214,,275,2644,16,167,266,5,289,11,336,205,2882,283,900,67,493,284,290,1643,,83,,6285,3270
298,547,484,128,,103,86,545,2160,,279,2657,16,164,266,4,288,11,334,200,2943,265,878,66,493,282,271,1611,,78,,6069,3490
295,560,467,121,,101,91,520,2098,,280,2572,16,159,266,4,278,10,307,160,2902,256,862,67,481,283,261,1552,,75,,5211,3450
283,561,455,118,,90,88,522,2052,,278,2372,15,155,267,4,264,10,300,119,2827,249,851,66,482,322,245,1521,,75,,5459,3290
276,554,428,116,,87,92,496,2042,,273,2426,15,153,270,4,251,9,300,113,2758,242,864,65,499,280,273,1541,,77,,5959,3210
303,558,451,115,,90,91,485,2045,,279,2569,16,153,280,4,247,10,268,118,2711,248,863,66,516,210,262,1584,,81,,6028,3070
323,569,451,121,,99,87,512,2060,,283,2287,15,153,282,4,244,10,269,129,2664,263,867,64,471,219,258,1608,,80,,5864,3100
314,574,429,116,,100,77,497,2074,,291,2097,13,154,279,4,239,10,280,142,2659,271,865,62,456,234,227,1582,,75,,5359,3190
310,583,432,111,,101,71,467,2087,,298,2379,12,155,275,4,235,10,280,135,2666,266,891,62,451,225,223,1523,,70,,5152,3130
295,597,438,111,,103,68,519,2069,,302,2275,15,156,278,4,230,11,275,133,2745,251,886,61,467,224,231,1449,,68,,5336,3100
285,613,421,113,,102,71,510,1983,,301,2222,15,158,285,4,231,11,249,142,2873,259,876,61,488,210,209,1419,,75,,5265,2970
274,643,447,134,,101,73,502,1960,,304,2148,15,161,296,4,241,11,269,159,3074,263,911,63,524,248,291,1438,,80,,6647,3170
265,674,445,132,,95,73,527,1961,,303,2357,13,160,299,4,251,12,272,171,3168,276,892,61,518,248,278,1439,,81,,6524,3180
262,686,418,128,,95,73,497,1924,,299,2356,12,156,297,4,250,12,268,177,3232,272,864,60,514,247,280,1390,,76,,6509,3440
272,703,418,120,,91,75,479,1862,,291,2273,12,149,287,3,240,12,246,164,3240,267,820,57,508,267,264,1320,,73,,6004,3480
269,693,402,115,,88,76,481,1870,,280,2101,12,144,276,3,230,12,241,135,3200,259,795,55,499,304,275,1360,,81,,5901,3470
257,673,403,119,,81,83,456,1836,,270,2159,14,142,270,3,223,11,244,130,3179,257,785,53,509,256,326,1463,,87,,6816,3390
269,668,419,126,,88,89,450,1836,,270,2303,14,141,268,3,223,12,221,130,3145,261,780,56,512,204,263,1539,,88,,6858,3300
281,663,433,141,,86,91,476,1885,,269,2069,12,141,269,3,221,13,225,139,3118,268,792,57,504,207,253,1551,,84,,7016,3370
298,651,421,138,,90,83,462,1889,,273,1919,11,141,274,4,217,13,241,152,3108,274,792,60,490,223,248,1512,,83,,6767,3570
326,653,388,137,,81,80,473,1915,,277,2209,11,147,283,4,214,13,249,149,3103,277,822,65,485,214,258,1489,,82,,7176,3520
324,667,405,134,,84,80,527,1952,,277,2122,13,148,291,4,211,13,253,152,3171,276,839,68,490,226,243,1460,,75,,7617,3500
332,665,417,131,,80,80,520,1964,,283,2062,12,145,296,4,217,13,241,168,3270,278,873,69,499,208,253,1446,,81,,7773,3370
330,686,385,142,,79,83,516,2099,,293,1960,12,137,294,5,232,13,274,195,3434,290,960,71,515,252,283,1443,,85,,9050,3440
325,672,401,130,,79,86,543,2208,,294,2146,11,137,282,4,246,13,292,209,3486,291,964,68,506,242,278,1483,,93,,8823,3560
318,645,389,125,,74,88,512,2151,,293,2180,10,145,264,4,248,12,299,211,3503,293,964,64,496,243,286,1493,,88,,8776,3800
307,640,346,123,,66,90,469,2124,,286,2179,10,157,233,4,238,12,285,180,3487,292,916,61,483,270,278,1469,,89,,8255,3740
299,626,362,121,,66,91,472,2087,,275,2049,10,156,210,4,227,11,289,138,3370,299,882,58,481,324,280,1450,,91,,7969,3760
296,609,365,123,,68,94,445,2099,,268,2097,12,144,197,4,220,10,300,134,3417,307,875,55,485,247,326,1509,,89,,8759,3670
332,608,360,131,,70,93,447,2158,,267,2194,12,124,193,5,220,10,278,139,3441,320,866,57,488,213,273,1585,,89,,8693,3510
339,606,384,145,,70,92,473,2207,,264,1949,12,117,194,5,223,10,290,152,3431,329,859,58,478,214,256,1619,,88,,8272,3610
345,599,370,140,,77,89,456,2223,,264,1802,11,119,196,5,224,10,315,165,3409,354,813,59,467,207,266,1575,,87,,7790,3650
355,594,358,134,,88,94,445,2224,,265,2070,11,129,203,6,222,11,328,158,3353,375,799,60,461,218,250,1530,,84,,7769,3620
358,564,386,129,,84,98,494,2239,,262,2026,13,134,211,6,222,11,338,157,3354,385,752,61,468,210,261,1463,,80,,8170,3380
363,525,380,128,,87,100,488,2233,,263,2041,13,134,215,6,228,10,323,168,3384,390,743,63,483,208,274,1420,,85,,8208,3310
366,539,379,151,,77,97,480,2325,2450,266,2039,13,128,216,7,243,11,375,192,3454,395,787,66,490,243,309,1462,8,93,,9395,3570
361,498,391,151,,74,93,506,2336,2383,266,2267,13,127,218,7,258,10,394,207,3448,400,809,67,481,229,288,1507,6,95,,9260,3490
352,478,394,153,,73,90,477,2324,2328,265,2265,13,128,222,7,262,11,398,219,3404,395,809,66,470,257,310,1468,5,95,,9017,3830
346,471,379,152,,69,94,449,2252,2312,260,2160,14,130,225,7,255,12,378,206,3317,392,772,64,449,272,300,1397,5,98,,8500,3840
334,464,390,154,,76,94,451,2187,2250,250,1970,13,131,221,7,243,12,378,169,3239,389,763,62,440,306,306,1383,10,105,,8501,3750
331,452,384,157,,69,103,425,2209,2172,244,2009,15,132,209,7,231,12,398,164,3245,385,724,61,445,264,366,1499,5,109,,9650,3610
365,441,405,155,,69,108,428,2220,2129,244,2122,16,134,198,7,228,13,369,161,3287,380,726,62,451,213,293,1556,4,109,,9319,3420
371,432,407,164,,67,107,453,2254,2183,241,1911,14,133,192,7,231,13,388,172,3286,388,744,63,449,202,300,1561,5,108,,8830,3330
375,419,414,159,,61,96,436,2268,2281,246,1787,13,128,182,8,230,13,411,182,3254,402,727,64,441,204,283,1503,4,103,,8435,3460
379,414,408,154,,65,89,441,2274,2447,253,2106,13,118,180,8,227,13,415,180,3202,411,771,65,437,210,291,1459,4,98,,8167,3430
377,417,414,152,,62,87,489,2277,2541,259,2026,15,114,188,9,226,13,432,182,3233,407,781,64,449,208,310,1404,4,93,,8269,3310
390,418,422,156,,73,92,482,2279,2580,262,1943,16,118,195,9,232,12,407,196,3333,399,795,66,484,209,310,1369,5,98,,7945,3000
401,441,448,184,,73,101,580,2328,2625,269,2106,15,129,198,10,248,12,470,218,3502,390,918,68,507,241,337,1371,5,98,,9144,3230
394,433,466,176,,69,103,543,2315,2582,271,2031,15,136,198,10,252,12,480,223,3512,399,785,68,513,229,360,1398,4,100,,8770,3300
372,425,418,168,,66,102,552,2286,2500,271,2136,15,136,193,10,248,11,490,229,3456,392,811,66,509,242,364,1384,6,97,,8834,3340
334,424,426,155,,63,98,526,2293,2413,263,1944,15,133,180,10,241,12,476,230,3298,392,821,62,500,272,343,1346,5,98,,7837,3350
320,411,432,145,,69,95,507,2232,2349,252,1948,14,127,170,9,241,12,467,196,3177,397,723,60,485,313,370,1354,11,106,,7792,3200
334,396,399,152,,61,99,488,2218,2260,243,1840,17,122,163,9,244,11,478,197,3139,401,771,59,478,241,419,1413,4,109,,8616,3090
400,380,415,163,,65,100,500,2178,2249,241,1689,17,121,162,9,246,12,431,200,3116,399,759,59,472,212,328,1450,4,110,,8517,3180
427,374,433,173,,70,98,507,2213,2371,241,1609,17,122,161,10,254,12,443,209,3084,424,800,61,461,209,320,1454,5,109,,7940,3140
423,376,413,166,,70,92,493,2208,2410,246,1973,16,125,159,10,255,12,459,222,3056,436,747,62,464,183,341,1435,4,104,,7545,3090
395,396,442,150,,71,91,489,2196,2545,251,2045,15,129,165,10,261,11,467,219,3030,440,794,64,451,203,303,1413,4,100,,7531,3110
373,399,425,142,,64,90,525,2200,2628,254,2090,19,130,166,10,263,11,473,207,3041,438,781,63,451,207,319,1374,4,94,,7665,2900
377,391,393,143,,66,92,529,2134,2579,257,1885,20,129,166,10,274,11,458,210,3102,450,807,66,464,195,331,1366,4,99,,7600,2700
391,385,443,171,,64,90,512,2150,2578,263,1940,20,125,159,10,285,11,512,209,3151,455,824,69,470,249,339,1398,6,105,2150,8443,2950
398,364,441,165,,64,89,516,2118,2504,264,2069,20,124,154,10,294,11,535,221,3196,462,853,69,461,237,371,1396,4,108,2156,8549,3070
393,351,403,161,,57,94,523,2096,2444,261,1999,20,121,152,10,297,12,536,234,3177,460,838,66,455,219,356,1366,4,109,2083,7986,3130
375,347,412,146,,55,101,491,2067,2419,252,1890,18,118,149,9,301,12,505,224,3101,460,724,60,434,260,365,1350,4,109,2005,7335,3100
371,336,401,134,,57,105,482,1961,2398,240,1784,19,113,140,9,298,12,496,225,3029,448,704,57,423,274,385,1361,7,114,1946,7287,3070
364,325,393,134,,53,112,472,1880,2311,231,1819,22,108,130,9,297,11,491,221,3006,451,705,56,419,239,467,1405,4,117,1952,7870,2800
400,316,400,139,,49,113,479,1799,2298,227,1551,20,104,121,9,301,11,452,235,3009,465,616,62,414,197,370,1452,2,122,1960,7838,2890
406,315,408,142,,47,109,496,1779,2426,224,1516,19,103,114,9,308,10,461,216,2991,477,605,65,407,188,347,1477,4,115,1992,7328,2840
407,317,407,133,,50,96,485,1772,2454,227,1989,17,102,109,9,308,10,476,224,2968,492,571,68,421,184,322,1540,2,108,2024,7259,2850
397,332,406,121,,50,91,479,1828,2591,232,2085,16,97,111,10,305,11,478,229,2905,494,671,73,409,185,346,1546,5,102,2057,6964,3030
389,332,399,115,,48,91,501,1874,2666,235,1984,21,93,111,10,309,11,475,229,2865,492,646,75,403,207,306,1516,5,97,2138,7271,2920
394,332,409,115,,50,94,485,1879,2644,236,1861,21,93,113,10,317,12,446,214,2823,485,650,73,408,198,347,1486,3,97,2213,6957,2650
399,332,429,132,,51,100,473,1940,2721,240,1871,24,94,108,10,326,12,478,230,2774,481,739,73,408,226,388,1530,4,95,2258,7608,2920
401,317,394,131,,45,102,527,1946,2676,238,1941,23,95,102,10,324,12,492,240,2670,478,780,70,395,219,342,1580,4,96,2270,7692,2770
396,306,419,128,,44,102,465,1943,2591,235,1765,20,92,97,10,319,12,479,243,2568,475,747,66,382,211,371,1592,4,94,2105,7255,2890
392,312,369,121,,37,104,444,1893,2508,226,1667,15,86,89,9,309,12,436,222,2436,465,713,63,366,225,382,1578,6,93,1985,6804,2830
384,310,351,113,,43,106,462,1830,2428,212,1681,15,80,83,9,306,11,428,189,2319,454,686,60,353,275,348,1611,10,98,1773,6655,2770
370,313,381,109,,42,116,415,1780,2334,201,1487,16,73,82,8,311,11,410,221,2243,447,676,58,350,225,421,1675,5,92,1823,7341,2780
380,319,364,107,,40,122,404,1755,2330,198,1364,16,69,87,9,315,11,376,217,2229,456,742,59,347,179,326,1739,4,88,1850,7603,2680
377,317,356,111,,37,122,440,1776,2449,198,1388,15,67,90,9,318,11,379,189,2210,467,718,57,338,185,308,1751,5,81,1935,7085,2730
378,303,376,106,,38,107,419,1770,2395,204,1684,14,68,86,10,317,10,393,197,2164,496,727,55,339,179,291,1731,5,77,1891,6625,2800
376,292,339,100,,41,98,389,1804,2453,211,1819,14,69,78,10,321,10,398,194,2091,507,697,56,324,187,288,1660,5,69,1878,6272,2810
373,291,334,101,,38,96,463,1833,2464,211,1742,17,70,74,10,320,10,399,195,2037,505,685,56,316,175,279,1623,4,59,1940,6576,2590
374,291,345,108,,37,101,477,1821,2436,210,1500,18,73,77,10,318,10,360,202,1992,507,715,56,315,168,287,1609,5,62,2088,6490,2440
379,291,325,123,3756,38,107,439,1875,2543,213,1632,20,76,79,10,313,12,405,197,1954,512,687,60,313,195,331,1667,4,63,2137,7649,2640
376,277,311,127,3867,36,112,456,1867,2505,211,1576,20,79,78,10,316,12,422,224,1866,518,735,58,304,197,305,1695,2,68,2201,7400,2700
371,258,298,114,3686,36,114,482,1848,2410,205,1416,16,78,75,9,314,12,397,204,1751,508,693,54,297,203,330,1661,4,66,2074,6912,2800
375,247,285,108,3490,33,117,424,1809,2319,195,1344,13,74,68,9,308,11,359,218,1639,507,678,50,291,191,311,1579,6,67,2006,6531,2690
360,238,271,105,3446,34,118,389,1755,2239,184,1476,13,70,61,8,297,11,356,212,1551,488,632,47,290,232,293,1581,9,69,1885,6486,2570
338,236,268,109,3357,32,126,413,1756,2119,175,1326,13,67,57,8,297,10,342,191,1498,477,645,46,296,209,387,1624,3,69,1909,7294,2420
352,242,275,121,3421,29,125,393,1757,2106,187,1405,16,66,59,8,305,10,325,217,1503,479,614,47,301,161,274,1695,3,68,1929,7556,2340
344,239,260,116,3447,28,122,381,1823,2195,186,1271,17,65,59,8,307,11,321,215,1496,491,597,46,297,162,262,1707,5,63,2003,7088,2490
330,229,265,111,3321,27,112,421,1839,2164,177,1486,14,62,57,8,311,10,339,183,1474,487,587,45,300,168,269,1671,3,63,2026,6952,2690
334,220,263,95,3198,28,112,396,1884,2228,181,1606,12,58,55,9,316,10,344,186,1425,492,585,48,282,164,274,1600,4,59,2061,6773,2710
333,212,241,95,3331,28,115,379,1949,2227,183,1635,14,58,58,9,328,10,340,191,1406,488,573,48,273,161,252,1510,2,54,2085,6917,2460
343,219,254,91,3360,30,118,447,1993,2156,184,1628,15,63,65,9,343,9,306,166,1388,484,586,50,276,158,267,1501,4,55,2150,7371,2310
350,235,255,100,3312,29,120,396,2130,2195,189,1795,19,72,73,10,337,10,355,177,1381,479,590,54,281,181,307,1556,5,58,2250,8221,2560
341,234,249,104,3270,28,123,404,2207,2122,188,1789,19,78,75,10,330,10,353,194,1320,474,599,52,278,168,293,1591,4,64,2350,7953,2660
320,223,229,104,3251,28,129,455,2234,2082,183,1595,17,79,74,10,320,10,344,180,1252,475,588,49,274,180,304,1606,3,63,2226,8027,2680
302,219,224,95,3213,28,132,392,2330,2070,173,1730,13,77,68,10,318,10,325,159,1196,463,539,44,271,165,293,1532,5,67,2053,7287,2750
287,209,206,93,2937,27,141,339,2385,2031,162,1665,11,76,67,10,316,10,321,158,1150,456,544,42,268,247,289,1604,8,74,1950,8076,2700
304,199,230,102,3152,30,160,370,2442,1961,153,1644,13,75,71,10,312,10,313,147,1108,459,548,42,261,195,416,1706,4,76,2039,8932,2670
370,195,224,106,3022,36,178,356,2475,1940,152,1480,15,78,83,10,312,10,283,166,1095,455,521,44,248,144,295,1850,5,75,2161,9433,2570
385,187,218,103,2931,44,186,362,2595,2053,150,1397,14,84,93,10,323,10,281,184,1089,479,517,44,234,151,256,1904,4,74,2201,9479,2740
365,178,230,96,2697,47,178,374,2732,2076,153,1644,13,92,96,11,324,10,312,159,1074,485,504,42,237,158,288,1923,5,76,2298,9200,2720
333,174,214,97,2626,47,180,372,2974,2218,158,1809,12,106,105,11,329,10,315,159,1055,486,559,45,227,155,280,1931,4,75,2404,9469,2570
313,173,226,107,2775,52,187,392,3210,2338,161,1782,13,117,119,12,337,11,316,187,1097,485,515,44,228,161,304,1921,9,70,2677,10014,2570
330,191,252,127,3030,65,201,442,3437,2369,166,1620,15,129,137,12,352,10,296,194,1166,510,568,45,239,161,309,1957,9,71,2902,11000,2710
367,213,287,141,3067,72,227,486,3788,2522,176,1935,17,143,162,13,380,11,349,196,1313,527,605,51,259,184,351,2094,9,76,3188,13008,2780
384,227,312,158,3349,77,249,471,4049,2579,182,1941,18,162,185,13,404,11,371,204,1382,541,646,54,276,201,387,2234,15,81,3331,13698,3000
385,233,310,163,3225,83,267,473,4217,2602,185,1964,20,177,203,12,412,11,373,213,1398,550,616,56,291,222,404,2262,14,85,3359,13894,3360
367,229,328,168,3175,86,285,488,4214,2624,181,1887,20,188,210,12,409,12,370,236,1332,554,582,56,293,233,403,2300,15,89,3219,13249,3470
347,222,341,175,3061,90,299,435,4148,2607,174,1705,21,193,212,11,401,12,367,210,1294,552,581,57,298,304,446,2376,21,94,3029,13974,3480
352,223,332,174,3089,91,315,444,4057,2466,166,1798,22,196,211,11,405,12,367,218,1286,556,584,60,310,255,503,2468,14,90,2945,15095,3490
390,230,369,178,3166,97,320,494,4031,2406,168,1751,23,202,211,11,417,12,361,251,1335,569,620,65,324,211,398,2522,9,89,2954,15201,3600
400,237,407,183,3193,100,319,468,4119,2544,168,1589,22,204,212,11,431,11,368,227,1354,592,632,66,330,203,393,2521,12,84,3087,14822,3620
392,243,385,192,3035,97,306,472,4214,2585,175,1998,22,205,213,11,432,12,404,251,1366,607,642,65,357,192,405,2517,12,85,3043,14538,3640
382,255,376,200,2901,103,300,509,4293,2799,186,2149,22,209,223,12,438,12,410,214,1347,613,656,68,362,215,395,2439,10,85,2968,14547,3450
383,275,392,192,2932,106,300,552,4334,2897,194,2068,26,215,236,11,435,13,424,245,1399,607,657,66,372,224,390,2363,12,80,2932,14407,3330
405,297,387,197,2981,118,303,524,4378,2834,201,2068,27,221,251,12,452,13,409,209,1506,619,667,68,383,206,417,2328,13,85,3015,14740,3180
428,331,422,208,3242,128,305,589,4517,2873,216,2231,30,222,272,12,473,12,467,215,1782,620,702,74,403,250,461,2462,14,88,3227,16147,3240
422,349,442,229,3268,134,304,620,4631,2849,224,2275,31,224,273,11,494,12,475,242,1822,638,709,74,407,242,451,2523,14,103,3204,15991,3250
411,354,404,232,3084,136,310,591,4705,2762,227,2176,31,227,272,11,493,12,470,196,1791,635,723,74,404,240,457,2469,13,104,3100,15678,3510
400,358,380,227,2902,132,320,612,4720,2686,221,2195,27,224,278,10,481,12,442,237,1684,642,636,74,391,248,479,2385,15,106,2771,14608,3570
386,345,382,220,2790,125,331,610,4664,2627,214,2068,26,216,273,9,471,11,433,212,1626,636,622,74,382,293,444,2392,22,107,2567,14369,3480
388,332,362,221,2695,117,342,592,4582,2488,210,1915,28,206,271,10,464,11,427,171,1580,644,629,73,383,248,493,2458,12,104,2485,14885,3460
427,324,385,221,2756,107,342,631,4514,2434,209,1830,27,200,277,10,462,12,410,206,1573,642,632,73,381,206,423,2495,11,100,2493,15137,3310
428,326,382,213,2649,104,340,624,4590,2582,212,1609,25,198,270,10,459,11,406,200,1570,653,647,73,375,197,380,2499,11,94,2661,14760,3380
416,342,355,211,2627,102,329,640,4653,2585,221,1986,22,194,265,10,458,12,429,204,1585,654,610,73,386,183,390,2531,14,95,2636,14140,3410
402,371,369,210,2643,99,332,695,4705,2708,236,2234,21,190,266,11,454,13,425,192,1574,650,634,80,379,195,378,2481,12,91,2598,13903,3360
386,395,361,211,2554,92,334,713,4715,2797,245,2156,24,186,262,11,454,12,431,185,1584,661,652,79,373,186,361,2407,13,88,2514,14282,3190
375,403,359,221,2638,98,341,754,4686,2762,254,2024,25,183,267,12,469,12,408,182,1632,665,626,83,373,204,373,2411,15,84,2613,13997,3000
359,411,377,227,2783,101,334,763,4843,2832,268,2079,31,178,260,12,486,12,454,194,1709,669,686,87,374,215,416,2452,14,85,2718,14937,3100
341,403,388,236,2660,98,330,802,4937,2782,273,2103,34,179,255,12,493,12,459,242,1722,673,663,87,371,221,402,2467,14,86,2642,14541,3040
329,392,353,225,2618,97,329,834,4983,2675,270,2129,33,180,250,11,484,11,441,199,1711,681,656,84,365,245,414,2409,13,91,2530,14060,3210
321,388,361,221,2383,90,333,787,4896,2615,254,1952,31,184,243,11,468,12,420,200,1664,667,662,80,356,220,407,2399,18,95,2358,13236,3290
317,371,347,214,2319,90,339,859,4829,2561,247,1952,31,179,231,11,460,12,416,191,1624,659,633,77,349,274,404,2469,21,96,2288,13420,3130
323,357,347,220,2415,89,355,801,4807,2470,240,1827,32,169,225,11,460,11,400,172,1585,640,630,77,348,237,478,2554,9,92,2272,14410,3150
373,347,349,225,2434,81,364,828,4868,2444,243,1794,33,159,229,11,457,11,401,179,1597,645,643,80,348,192,373,2659,10,92,2251,14429,3120
386,345,336,220,2427,75,364,953,4986,2568,243,1618,33,155,223,11,456,10,398,165,1611,674,654,79,347,177,354,2721,11,88,2240,14009,2950
373,347,343,218,2164,74,340,869,5140,2574,243,2111,34,153,213,12,463,11,442,173,1635,704,654,82,363,180,348,2727,10,92,2127,13520,2770
354,364,338,215,2114,78,338,974,5258,2752,253,2236,35,154,204,12,456,11,458,198,1646,721,655,88,373,186,361,2693,13,88,2157,13102,2890
342,386,330,216,2246,78,339,1048,5306,2858,261,2434,41,155,199,12,455,12,476,214,1680,746,680,89,380,166,352,2596,9,84,2142,12613,2810
340,402,338,221,2224,75,344,1064,5298,2846,274,2437,41,157,205,13,473,11,447,197,1719,778,696,90,384,192,363,2567,10,86,2266,12692,2770
352,419,356,227,2552,76,348,1060,5535,2939,292,2538,47,160,211,13,496,11,511,175,1806,775,676,90,384,203,414,2612,12,89,2348,13541,2910
350,424,387,234,2390,77,349,1132,5703,2896,301,2695,48,166,213,13,507,11,514,227,1825,797,646,87,382,204,407,2611,13,89,2402,13429,2890
344,422,365,233,2213,78,347,1165,5767,2835,301,2909,49,171,214,13,496,11,513,197,1796,809,665,83,378,227,400,2565,13,86,2305,12904,3070
342,421,358,230,2130,69,345,1132,5760,2803,289,2764,48,176,206,12,487,11,511,202,1744,821,631,81,371,226,401,2458,14,86,2123,11910,3160
338,407,351,227,2274,69,349,1151,5755,2777,276,2608,50,171,194,12,472,11,498,205,1708,803,624,81,365,266,431,2471,16,91,1988,12271,2970
338,400,343,221,2140,69,365,1206,5678,2657,266,2591,50,159,190,12,463,11,490,212,1686,798,606,84,370,223,477,2561,10,89,1935,13183,2880
367,400,368,218,2317,68,367,1174,5733,2606,271,2471,56,145,187,12,455,12,495,216,1703,807,623,92,371,192,387,2583,8,86,2020,13400,2880
383,391,387,215,2191,66,361,1236,5816,2734,274,2233,51,140,184,12,454,12,486,223,1721,847,603,94,369,199,381,2585,10,85,2123,12696,2770
388,389,350,212,2086,61,335,1245,5923,2782,284,2664,51,140,185,12,456,12,530,222,1730,855,623,93,375,187,382,2572,9,88,2213,11741,2750
402,405,374,204,2112,61,324,1220,6012,3000,304,3018,51,145,189,13,461,12,539,201,1717,887,599,97,384,183,376,2510,8,89,2221,11741,2710
409,420,399,199,2134,62,317,1325,6062,3125,317,2997,57,146,195,13,459,12,555,217,1751,896,598,94,392,193,392,2441,7,89,2304,11405,2590
415,427,365,209,2153,66,317,1294,5990,3110,328,2807,60,143,194,14,475,10,548,209,1804,922,631,100,395,180,381,2430,10,90,2458,11845,2590
421,451,374,219,2401,69,316,1336,6213,3227,343,3247,70,134,194,15,489,11,615,239,1934,928,641,109,399,228,421,2533,10,95,2552,13180,2730
415,458,418,223,2450,68,316,1338,6321,3172,347,3260,71,133,189,15,495,11,634,241,1962,927,652,112,397,231,427,2506,8,103,2539,12499,2770
409,460,386,217,2273,63,319,1334,6300,3102,341,3151,67,127,191,15,466,11,645,251,1936,913,673,111,390,236,448,2457,12,105,2496,11814,2820
406,458,363,201,2154,56,323,1363,6183,3050,329,3124,67,120,180,14,453,12,634,225,1879,889,693,108,381,239,445,2403,12,106,2366,11013,2930
397,434,382,195,2140,55,330,1331,6048,2983,308,3071,65,113,167,14,441,12,630,212,1808,866,641,104,377,300,417,2445,14,104,2263,11302,2810
395,419,339,192,2201,54,337,1289,5911,2870,293,2882,68,111,168,14,440,12,635,210,1748,842,700,100,383,217,484,2491,12,100,2240,12248,2630
432,416,355,203,2156,52,328,1320,5912,2810,292,2739,71,119,159,15,435,12,642,241,1731,841,616,98,381,183,382,2559,7,103,2370,12083,2570
436,407,388,205,2078,53,314,1326,5937,2894,290,2690,71,122,162,14,430,12,637,223,1712,820,641,96,378,191,377,2553,8,103,2482,11462,2730
430,412,366,194,2110,55,289,1315,5981,2939,301,3036,69,121,158,15,425,12,675,238,1700,813,634,92,387,199,382,2465,10,101,2527,10884,2600
422,432,337,191,2101,57,279,1294,6029,3033,322,3246,66,114,156,15,404,12,679,226,1667,815,648,95,387,194,374,2322,9,97,2470,10773,2650
418,442,369,186,2075,59,274,1378,5979,3131,334,3323,72,113,167,15,399,12,676,242,1693,808,639,95,386,209,382,2269,8,97,2497,10271,2510
423,445,360,206,2043,58,278,1339,5800,3104,342,3058,70,116,179,17,384,11,660,228,1741,795,659,100,386,205,380,2242,8,103,2582,9984,2270
436,446,347,208,2305,60,283,1311,5942,3193,357,3480,71,117,184,17,370,11,716,257,1864,785,656,109,388,221,436,2217,12,98,2805,10854,2400
431,432,363,213,2266,57,284,1393,5938,3150,364,3502,72,120,185,16,364,11,730,248,1874,788,648,110,385,241,432,2189,8,99,2825,10893,2340
423,421,364,196,2227,54,280,1322,5920,3059,360,3350,75,119,181,16,357,11,717,264,1801,776,665,105,376,252,440,2104,11,95,2747,10537,2480
415,400,322,186,2134,52,277,1281,5775,2960,342,3217,67,113,171,15,357,12,694,229,1681,758,638,98,363,241,445,2000,11,97,2579,9079,2560
402,379,316,182,2002,48,278,1315,5632,2911,318,3237,64,105,166,15,359,12,670,223,1578,729,600,94,354,296,413,1991,14,92,2551,9442,2440
398,366,317,184,2008,47,284,1245,5461,2809,299,2819,67,101,160,15,356,12,641,255,1495,718,635,92,352,258,492,2004,9,97,2654,9893,2470
431,371,300,191,1945,48,286,1220,5424,2784,295,3003,72,105,141,15,343,12,626,251,1450,708,607,94,353,193,380,2014,6,99,2867,10307,2490
434,368,338,192,2110,51,279,1233,5416,2929,292,2705,70,106,136,15,331,12,604,231,1422,689,629,94,351,197,388,2017,9,104,2944,9787,2340
430,368,300,187,2045,49,253,1235,5443,2963,297,3211,66,104,129,16,317,12,630,254,1406,687,610,93,349,218,371,1999,8,101,3064,8963,2360
428,363,286,181,2017,45,240,1224,5516,3116,317,3499,63,102,136,16,321,12,634,235,1387,699,613,96,347,220,389,1889,9,104,3043,8680,2350
425,356,325,180,2106,43,233,1221,5478,3240,327,3702,73,101,148,17,318,11,635,246,1407,698,638,95,345,215,380,1773,6,98,3096,8630,2210
427,345,305,182,1913,44,233,1292,5379,3197,334,3037,73,99,160,18,330,11,619,246,1436,709,604,97,344,232,360,1753,8,103,3145,8332,2120
437,350,316,188,2068,45,236,1263,5464,3249,350,3243,77,97,150,18,346,11,674,243,1521,719,655,99,348,230,430,1794,8,111,3259,9498,2330
437,346,327,193,2209,44,236,1239,5459,3189,354,3316,77,101,146,18,348,11,664,254,1515,713,663,97,341,268,433,1799,8,122,3226,9095,2270
435,352,308,195,2025,46,234,1315,5412,3106,343,3361,73,103,141,18,338,11,653,256,1446,691,646,95,329,272,414,1751,8,124,3069,8682,2300
426,349,275,186,2033,48,233,1215,5293,3028,319,3101,64,98,140,17,320,11,635,261,1346,659,649,94,312,280,432,1744,11,122,2821,7967,2350
409,332,254,176,1892,44,235,1132,5152,3004,295,3137,59,96,136,17,310,12,614,254,1274,620,611,93,301,324,420,1783,13,125,2789,8371,2260
398,311,256,177,1934,41,239,1194,5002,2885,277,3067,62,97,139,17,306,11,595,247,1224,609,616,92,304,280,456,1817,6,131,2880,8638,2260
405,295,270,181,1914,36,237,1185,4870,2853,275,2689,66,98,126,18,304,11,580,249,1229,607,597,91,308,232,350,1831,6,129,2970,8804,2240
405,280,255,183,1818,37,231,1115,4845,3011,272,2473,63,97,122,17,293,11,570,243,1234,619,627,88,308,222,337,1823,7,128,3058,8162,2270
410,264,247,174,1808,38,214,1182,4838,2965,276,2865,56,96,119,17,290,11,608,257,1234,633,616,83,313,225,348,1775,7,124,3103,7627,2280
430,259,241,171,1852,41,209,1181,4861,3084,293,3096,49,97,123,18,284,12,617,231,1213,639,597,84,309,234,349,1654,7,125,3147,7599,2080
436,261,232,171,1939,44,206,1161,4780,3150,301,3102,55,98,127,18,281,11,591,274,1209,634,601,82,302,216,325,1597,7,125,3125,7573,2100
437,263,237,180,1903,44,205,1182,4697,3121,299,2950,54,100,139,19,279,11,565,252,1208,633,608,86,298,241,345,1586,4,128,3204,7543,2050
423,275,241,185,1871,45,200,1221,4778,3215,304,3062,57,102,127,19,275,11,603,277,1235,630,599,89,292,245,388,1661,5,140,3290,8310,2110
409,280,235,189,2007,44,198,1177,4817,3195,297,3113,58,102,122,19,273,11,612,287,1213,640,578,87,286,248,396,1669,6,141,3224,8218,2130
402,283,217,188,1943,47,200,1187,4779,3041,280,3086,56,100,119,18,265,11,599,262,1161,623,577,85,278,273,406,1612,7,141,3023,8116,2160
401,278,211,185,1793,45,205,1128,4710,2911,255,3048,50,97,117,17,251,11,587,265,1102,594,543,80,270,264,381,1547,9,136,2824,7413,2250
389,266,198,182,1787,45,211,1119,4583,2849,229,2964,48,93,119,17,234,11,557,282,1064,559,534,77,264,298,400,1578,8,134,2895,7207,2160
384,253,220,183,1800,48,218,1089,4431,2742,217,2971,52,93,121,16,228,10,528,273,1031,544,515,75,263,264,414,1627,4,133,3127,8144,2100
400,239,230,189,1809,48,214,1088,4329,2724,216,2755,56,96,115,17,227,10,517,277,1032,539,518,74,263,214,341,1677,4,135,3324,8267,2030
397,228,198,193,1767,53,207,1125,4319,2924,213,2565,56,95,110,17,226,10,484,289,1031,550,509,73,262,195,350,1638,6,135,3493,7996,2120
379,219,211,195,1621,48,182,1064,4314,2882,215,3045,52,93,108,17,219,9,514,272,1018,556,530,73,265,204,317,1633,6,132,3523,7660,2040
365,217,200,191,1696,49,172,1084,4285,3045,232,3103,49,90,104,18,208,10,510,252,980,550,475,79,258,217,338,1568,5,127,3647,7447,1950
360,213,186,185,1677,45,166,1148,4272,3099,240,3292,57,90,108,18,205,9,495,255,955,543,485,80,251,213,328,1500,5,117,3715,7067,1970
366,215,191,184,1517,43,165,1140,4157,3042,245,3101,57,92,124,19,198,9,458,249,939,530,496,83,249,207,337,1480,5,112,3872,7170,1920
385,223,192,187,1734,41,166,1132,4258,3049,255,3204,58,93,118,18,203,9,509,256,949,530,469,84,245,242,385,1517,7,110,3985,8149,1970
387,226,187,192,1861,38,165,1137,4277,2958,250,3073,58,91,119,18,207,9,504,274,929,524,484,80,240,242,392,1519,6,121,3900,7888,1890
376,225,174,179,1689,39,160,1076,4231,2851,235,3137,55,90,116,17,209,9,489,263,902,513,490,73,234,260,362,1473,3,125,3642,7284,1880
360,222,178,168,1762,44,158,1036,4065,2739,214,2889,47,88,106,16,203,9,471,250,885,492,441,68,229,279,386,1398,6,127,3287,6555,1970
345,213,149,164,1554,49,159,1045,3914,2705,188,2881,44,86,99,15,196,9,456,250,869,461,464,65,224,297,387,1426,10,125,3225,6571,2100
340,207,149,169,1550,46,165,969,3764,2630,175,2765,44,86,102,15,193,9,425,224,835,450,449,64,217,250,407,1457,5,121,3251,7251,1920
369,206,154,175,1571,41,170,972,3706,2695,177,2789,45,86,96,16,195,9,413,252,821,442,442,67,219,207,362,1476,2,118,3443,7441,1910
369,202,150,177,1636,37,166,984,3729,2860,178,2620,44,84,94,15,189,9,388,245,817,444,444,67,219,202,326,1463,5,114,3404,7288,1890
351,192,144,169,1551,39,154,954,3760,2717,176,2832,39,82,96,16,183,10,424,247,815,440,436,63,223,214,332,1457,6,111,3419,6556,1900
335,190,139,162,1591,36,149,981,3796,2750,187,2953,36,80,89,16,178,10,407,226,786,440,428,61,218,197,337,1415,7,107,3287,6241,1810
317,189,126,153,1457,37,143,1032,3786,2747,194,3004,46,79,93,16,175,9,395,248,770,422,425,58,212,190,308,1390,3,106,3275,6286,1780
311,189,122,158,1500,40,140,1008,3718,2755,191,2762,48,80,109,17,174,9,371,240,751,420,422,59,208,227,321,1370,6,107,3291,6278,1750
310,191,140,152,1545,47,134,993,3812,2917,198,3070,50,81,102,17,178,9,407,243,747,420,419,63,202,238,376,1391,8,108,3409,7188,1600
307,188,137,157,1637,47,131,1037,3820,2890,192,2923,48,80,103,17,178,9,398,237,711,410,410,62,194,233,337,1414,5,110,3354,7091,1660
307,187,112,152,1510,42,134,973,3756,2787,178,3013,42,80,107,17,177,9,384,226,669,396,412,58,187,240,352,1373,5,111,3210,6671,1720
313,187,120,152,1513,36,138,942,3620,2661,158,2979,33,78,89,16,171,9,370,226,627,370,391,55,184,233,366,1294,9,108,3086,5931,1800
304,183,116,147,1466,36,145,913,3493,2604,139,2712,30,75,81,16,165,9,352,191,611,352,377,54,181,261,352,1280,6,110,3136,5755,1580
295,176,118,147,1484,35,150,863,3358,2512,134,2745,33,73,87,15,166,9,338,208,613,335,371,53,180,192,403,1331,6,110,3315,6812,1690
310,175,123,152,1439,36,151,879,3307,2550,132,2503,37,71,83,16,173,9,324,230,647,335,360,54,177,183,339,1391,5,115,3531,6730,1720
301,169,136,148,1473,37,146,898,3331,2724,130,2185,36,69,82,16,178,9,319,223,666,353,365,53,174,186,337,1412,5,114,3670,6370,1700
290,161,122,147,1426,40,134,839,3340,2636,129,2582,32,67,84,16,173,9,344,225,672,340,346,49,175,170,330,1410,3,112,3749,5767,1620
292,156,108,141,1398,36,132,867,3355,2699,141,2933,27,67,80,16,169,9,339,221,649,346,367,46,170,171,302,1335,6,109,3788,5771,1630
289,152,101,149,1399,31,129,919,3315,2713,146,2849,36,67,84,16,167,9,323,194,646,349,374,43,167,168,299,1282,6,98,3981,5650,1670
290,154,123,152,1325,29,125,858,3242,2713,148,2635,37,68,97,17,170,9,306,218,653,354,364,45,163,146,327,1247,3,99,4302,6030,1590
292,166,116,161,1478,30,117,933,3331,2789,157,2919,40,68,95,17,168,9,356,214,695,355,377,50,166,181,350,1286,6,104,4668,7141,1660
284,167,99,166,1372,32,113,936,3365,2714,154,2938,40,67,95,17,166,9,339,232,676,354,365,50,161,200,358,1264,7,108,4730,6625,1560
277,163,114,167,1510,29,114,852,3367,2602,143,2724,38,66,96,17,162,9,333,221,625,345,350,48,153,191,391,1233,6,101,4544,6381,1740
274,158,108,160,1393,35,124,853,3316,2467,127,2707,31,63,88,17,160,9,313,215,552,342,358,46,147,220,338,1198,9,93,4202,5387,1760
269,153,106,146,1318,36,130,796,3237,2416,112,2527,27,61,88,16,155,9,302,203,521,328,342,45,145,249,373,1267,13,97,4157,5503,1650
272,150,93,138,1336,33,139,743,3139,2353,108,2405,29,61,94,16,158,8,300,188,519,320,334,45,145,176,427,,7,105,,6291,1620
298,153,118,140,1353,,146,,3091,2382,111,2430,32,61,92,17,:,9,289,205,550,319,343,47,146,169,390,,5,,,6556,1560
,,,,,,140,,,,,,,,,,,,,,,,,,,,,,,,,,