Belgium,Bulgaria,Czechia,Denmark,Germany (until 1990 former territory of the FRG),Estonia,Ireland,Greece,Spain,France,Croatia,Italy,Cyprus,Latvia,Lithuania,Luxembourg,Hungary,Malta,Netherlands,Austria,Poland,Portugal,Romania,Slovenia,Slovakia,Finland,Sweden,United Kingdom,Iceland,Norway,United States,Japan
163,226,250,79,,,38,325,1269,,136,1221,10,72,113,2,108,4,194,79,1410,124,371,32,212,134,123,644,,32,2848,1170
155,238,263,66,,50,38,351,1262,,138,1403,10,73,111,2,110,4,200,95,1468,122,375,32,213,136,132,669,,33,2744,1230
151,248,253,60,,43,38,329,1241,,139,1411,10,72,111,2,110,4,198,77,1500,115,367,31,213,142,119,644,,30,2850,1320
156,253,244,58,,41,41,316,1203,,138,1349,10,71,112,2,108,3,181,72,1495,111,365,31,211,131,115,607,,28,2436,1390
154,254,252,60,,38,39,317,1179,,138,1325,9,70,113,2,104,3,181,65,1465,110,362,31,216,175,107,594,,31,2719,1330
153,252,231,61,,38,41,293,1181,,135,1312,10,70,114,2,101,3,178,62,1442,105,365,32,226,151,127,630,,36,2967,1270
167,256,243,64,,40,41,303,1192,,138,1362,10,70,118,2,102,3,157,67,1414,110,366,33,235,116,118,649,,40,3079,1170
177,265,246,69,,44,39,317,1182,,141,1321,10,71,120,2,103,4,162,59,1392,118,371,32,223,122,116,672,,42,3064,1210
171,269,230,65,,45,32,291,1206,,145,1121,8,70,118,2,101,4,169,71,1387,124,364,31,216,124,108,674,,37,2676,1260
169,273,237,60,,43,29,290,1208,,149,1321,7,70,117,2,99,4,171,62,1396,121,384,30,214,115,105,641,,32,2452,1200
160,278,240,58,,45,28,316,1191,,152,1288,10,70,117,2,95,4,166,58,1423,112,373,29,218,119,105,585,,30,2530,1170
151,282,225,57,,46,30,296,1113,,150,1149,10,70,118,2,93,4,152,68,1464,118,369,30,221,108,91,539,,32,2243,1080
139,291,232,66,,44,32,296,1100,,151,1129,9,71,120,2,93,4,161,72,1531,120,376,30,229,130,133,538,,36,2861,1240
130,301,242,64,,44,33,320,1094,,151,1288,9,70,120,2,94,4,161,84,1567,130,372,30,224,128,126,554,,35,2804,1250
126,306,226,63,,47,32,300,1079,,150,1278,8,68,120,2,93,4,158,70,1600,127,360,29,221,121,122,556,,34,2818,1350
130,313,217,62,,46,33,291,1054,,147,1202,7,64,117,2,91,4,144,69,1623,125,346,27,219,128,122,527,,31,2650,1350
127,307,218,63,,43,32,292,1058,,142,1169,7,62,114,2,89,4,144,67,1615,119,338,26,219,152,126,539,,36,2724,1360
122,301,221,65,,38,37,269,1046,,137,1159,9,62,113,2,88,4,142,64,1617,115,327,27,226,136,149,576,,38,3205,1310
129,305,227,68,,42,40,274,1052,,137,1212,9,63,115,2,91,4,126,70,1602,119,329,30,230,106,122,611,,41,3328,1270
135,307,227,75,,39,41,287,1063,,137,1185,8,64,117,2,93,5,132,62,1588,115,342,31,228,109,120,628,,41,3434,1340
142,301,235,72,,36,35,263,1076,,140,1016,6,63,118,2,92,5,141,75,1574,119,342,32,222,117,116,620,,41,3326,1450
156,294,209,69,,31,32,284,1088,,144,1217,6,67,120,2,91,5,146,66,1558,120,368,33,220,104,121,621,,39,3349,1320
157,296,218,67,,35,31,309,1109,,146,1186,8,67,122,2,87,5,147,63,1566,122,366,34,223,117,111,593,,34,3444,1290
165,293,227,64,,32,31,291,1097,,148,1053,7,66,124,2,87,5,141,75,1587,119,375,35,224,103,114,557,,35,3391,1200
170,301,199,70,,34,33,299,1185,,151,1019,7,64,125,2,90,5,156,82,1638,123,402,35,230,121,126,553,,37,3816,1340
169,298,217,64,,33,35,323,1227,,153,1165,7,64,123,2,95,4,165,95,1655,127,403,34,227,114,118,569,,41,3768,1430
162,289,209,59,,33,37,303,1237,,151,1184,6,67,118,2,97,4,167,77,1662,131,402,32,224,121,127,587,,37,3723,1520
148,289,180,56,,28,36,288,1229,,148,1169,6,71,110,2,96,4,157,69,1663,131,387,30,220,125,126,584,,39,3712,1470
143,281,197,57,,28,37,290,1208,,142,1159,6,70,103,2,93,4,162,63,1599,130,377,28,221,148,129,576,,42,3713,1510
146,272,203,61,,31,39,267,1211,,138,1138,7,66,97,2,92,4,163,61,1655,133,367,27,225,122,151,604,,42,4086,1450
175,271,199,68,,34,39,280,1236,,137,1149,7,59,93,3,94,4,148,70,1701,140,363,28,225,102,132,647,,42,4193,1380
181,269,218,78,,37,39,294,1241,,135,1104,6,56,92,3,97,3,158,64,1705,151,363,28,221,109,113,662,,40,3972,1400
178,265,204,76,,37,36,269,1251,,134,941,6,56,91,3,98,3,170,79,1679,167,344,29,216,98,119,653,,42,3677,1400
166,261,200,71,,36,39,276,1246,,135,1131,5,57,95,3,98,4,178,70,1624,182,356,31,215,110,113,639,,38,3641,1370
161,248,220,68,,33,40,300,1254,,134,1127,7,58,97,3,96,5,180,65,1594,186,326,31,218,103,116,605,,33,3624,1240
164,232,212,68,,33,42,283,1222,,134,1048,7,60,96,3,96,4,173,74,1586,188,329,31,219,93,115,559,,35,3448,1230
173,236,215,82,,33,39,284,1300,1245,135,1076,7,61,95,4,99,3,204,76,1608,191,337,31,216,116,142,552,3,39,3804,1440
174,220,218,82,,31,38,308,1325,1218,134,1245,7,63,96,3,103,3,204,90,1603,183,342,31,210,110,127,572,2,43,3839,1350
167,212,219,80,,31,36,289,1325,1197,134,1234,7,64,103,3,105,4,202,79,1581,180,333,31,207,112,137,566,2,42,3789,1430
156,209,209,75,,31,38,277,1273,1196,132,1142,7,65,112,3,105,5,189,86,1549,173,317,31,202,122,131,533,2,44,3610,1510
148,206,225,75,,34,37,279,1236,1166,127,1100,6,65,114,3,103,5,191,85,1529,182,330,31,204,141,138,535,5,46,3761,1480
150,203,224,78,,36,43,257,1245,1125,124,1088,8,64,108,4,100,5,201,81,1552,174,291,30,210,121,165,593,3,50,4381,1340
174,201,218,80,,34,47,275,1249,1090,124,1137,8,62,97,4,102,5,183,81,1594,169,303,30,215,108,137,626,2,49,4298,1320
181,200,235,87,,33,46,289,1253,1102,122,1114,7,62,92,4,106,5,191,68,1605,171,312,31,216,99,129,644,3,46,4222,1320
183,194,242,85,,26,39,264,1271,1137,124,962,7,62,86,4,107,4,206,81,1586,176,300,30,212,98,132,625,2,43,3935,1330
178,190,219,82,,30,36,283,1275,1236,128,1172,7,60,88,5,105,4,210,74,1554,186,316,32,210,108,140,610,2,39,3755,1320
176,189,233,80,,33,35,309,1276,1294,132,1126,8,60,93,5,105,4,212,74,1557,186,285,32,213,99,130,566,2,39,3586,1250
184,187,238,82,,41,38,291,1235,1313,133,968,8,62,97,5,105,4,204,90,1590,184,315,32,225,95,133,536,2,40,3433,1110
193,195,228,96,,39,42,347,1282,1343,136,1165,8,65,99,6,108,4,229,103,1652,176,364,33,232,107,150,542,2,41,3920,1250
192,191,240,91,,31,43,341,1288,1333,137,1083,8,67,99,6,109,4,235,111,1651,183,313,33,236,106,152,567,2,40,3758,1240
182,190,231,85,,26,42,338,1277,1289,137,1105,8,67,97,5,110,4,241,95,1618,179,323,31,237,113,160,573,2,38,3795,1290
163,191,222,76,,26,38,326,1282,1234,135,1081,8,68,91,6,108,4,230,101,1550,178,288,30,236,127,152,571,2,41,3464,1340
157,185,219,71,,29,37,321,1246,1199,130,1019,7,66,86,5,111,4,234,99,1498,179,276,30,234,156,166,564,3,46,3500,1300
167,177,216,73,,26,39,314,1238,1158,126,888,10,63,83,5,113,4,241,101,1487,180,273,29,233,124,198,581,2,48,4133,1160
205,168,221,78,,28,42,320,1203,1159,125,914,11,59,82,5,116,5,214,110,1483,178,293,29,233,109,161,595,2,51,4215,1180
219,165,223,84,,31,42,320,1206,1213,125,840,10,59,82,6,120,5,222,96,1482,196,304,31,228,109,147,615,3,49,3815,1280
214,165,224,85,,32,37,319,1223,1225,127,1076,9,61,83,6,120,5,234,117,1481,202,285,31,229,92,167,626,2,47,3565,1200
198,173,239,81,,33,37,312,1244,1297,131,1147,9,65,88,6,122,5,242,108,1485,204,310,33,221,103,151,597,2,41,3503,1220
183,173,224,78,,30,36,329,1255,1337,133,1074,11,67,88,6,124,5,240,99,1503,200,297,33,218,99,148,569,2,39,3441,1080
184,170,209,76,,29,38,337,1188,1296,132,945,12,68,87,6,127,4,236,108,1544,210,322,34,221,91,155,556,2,43,3214,1000
192,169,225,83,,28,38,316,1191,1282,134,982,12,66,81,6,134,4,261,99,1505,214,311,36,222,119,158,576,2,46,3597,1130
196,162,224,78,,25,38,328,1166,1246,134,1070,12,65,76,6,138,4,271,102,1563,217,343,36,216,115,167,570,2,47,3590,1140
194,157,202,76,,23,41,328,1131,1222,132,1011,11,61,74,5,141,4,276,104,1493,213,323,34,211,99,165,554,2,45,3356,1220
185,154,224,76,,20,42,313,1102,1222,128,1005,10,57,73,5,143,4,259,100,1486,209,304,30,203,120,159,554,2,47,3343,1260
181,149,223,74,,21,43,314,1049,1223,122,909,10,52,70,5,142,4,260,106,1442,204,286,28,199,135,182,568,3,52,3457,1240
184,146,219,75,,21,48,302,1011,1191,117,925,12,50,67,5,142,4,253,110,1448,207,303,27,198,120,231,575,3,53,3832,1050
206,145,221,78,,25,50,306,975,1191,115,848,12,49,66,5,144,4,234,116,1483,216,237,29,199,106,184,591,2,58,3967,1150
210,146,226,77,,24,48,323,959,1255,114,734,11,49,63,5,149,4,247,104,1502,226,236,31,197,95,172,617,2,53,3634,1170
208,145,231,70,,26,40,294,969,1273,115,1099,9,49,59,5,147,4,255,113,1499,234,216,32,204,99,139,662,1,52,3575,1170
197,149,235,59,,24,38,306,1006,1358,118,1176,8,46,56,5,145,4,258,105,1468,235,268,35,198,93,169,665,3,47,3466,1240
189,150,221,55,,22,39,322,1039,1397,120,1028,9,44,53,5,145,4,255,105,1431,233,246,37,194,102,153,633,1,43,3455,1160
190,151,232,57,,21,41,293,1021,1368,121,990,10,45,50,6,147,4,242,106,1380,235,255,38,195,108,163,630,1,44,3103,1010
191,154,233,71,,19,43,286,1075,1391,122,998,11,47,45,5,150,4,254,102,1321,234,292,41,193,112,191,636,1,43,3399,1090
190,151,208,72,,18,45,328,1090,1360,122,1028,11,47,42,5,150,4,268,105,1249,232,301,41,188,104,171,652,2,44,3293,980
187,148,225,71,,21,45,289,1093,1307,121,908,10,44,42,5,149,5,259,114,1189,222,301,39,184,103,176,656,2,39,3118,1120
184,149,208,65,,19,46,283,1061,1253,118,889,8,40,44,5,147,5,237,100,1137,219,257,35,179,104,180,655,3,41,3064,1140
183,149,190,62,,22,46,293,1030,1220,112,875,8,35,43,5,148,5,236,92,1101,211,248,32,175,134,175,683,4,45,2983,1120
184,152,206,60,,20,53,252,1006,1197,106,774,9,31,43,5,153,5,225,117,1082,215,250,30,173,121,214,716,3,44,3542,1120
203,159,206,60,,20,55,267,993,1223,105,678,9,29,44,5,155,4,206,104,1089,223,271,32,172,94,158,745,2,43,3783,1050
208,160,190,62,,19,55,282,995,1287,105,727,9,30,44,5,157,4,211,101,1096,229,279,31,167,100,158,748,3,41,3505,1100
205,152,205,59,,18,45,259,1009,1240,107,923,7,32,42,5,155,4,219,101,1088,243,263,31,168,95,140,751,2,40,3357,1130
195,142,187,54,,18,42,256,1043,1231,110,953,7,34,38,6,156,4,225,103,1064,248,255,32,163,98,136,734,2,33,3018,1090
189,141,183,53,,17,41,290,1062,1215,110,887,9,34,37,6,153,4,224,105,1035,244,232,32,158,90,133,701,2,26,3097,970
188,140,185,56,,16,43,294,1026,1187,109,791,9,35,40,6,150,4,208,98,996,243,248,32,156,87,131,685,2,28,2806,910
190,143,181,66,1712,15,45,287,1065,1252,110,820,11,32,41,6,146,4,235,94,948,245,250,32,152,95,164,709,2,30,3243,1040
190,136,172,65,1733,12,47,284,1060,1250,108,793,10,32,41,5,145,4,241,112,884,254,279,31,148,98,146,722,1,32,2979,1060
190,126,162,59,1607,14,48,296,1042,1211,106,718,9,32,39,5,144,5,223,94,820,248,257,30,146,100,143,700,2,32,2865,1130
193,116,152,55,1659,12,51,278,1004,1168,102,709,6,34,35,5,141,5,200,109,763,249,241,29,146,90,162,671,2,32,2880,1090
185,111,144,55,1575,14,52,243,969,1130,96,757,6,33,30,4,138,5,202,113,727,243,232,27,148,119,143,684,3,33,2899,1050
173,112,149,57,1610,12,58,268,970,1070,91,701,7,32,28,4,142,4,193,93,713,240,233,26,150,110,202,702,2,33,3395,930
176,121,144,63,1526,12,57,255,972,1053,90,732,9,30,31,4,148,4,182,116,726,240,224,26,154,91,143,732,2,32,3715,890
170,124,144,61,1664,12,53,243,996,1085,90,687,10,30,31,4,152,4,184,102,735,242,218,25,153,86,133,746,3,31,3519,1060
163,120,153,59,1628,11,46,263,1015,1073,92,787,7,28,29,5,149,4,192,96,732,244,212,24,155,86,133,749,2,28,3313,1140
170,113,145,50,1576,12,46,256,1035,1126,94,893,7,27,25,5,152,4,194,93,716,251,211,27,147,82,135,718,2,26,3175,1110
171,108,138,48,1570,12,45,237,1058,1130,96,863,8,27,27,5,156,4,190,97,701,250,195,27,144,83,123,665,1,24,3195,970
173,109,148,44,1557,16,46,267,1050,1076,96,827,8,29,32,5,164,4,172,81,686,238,202,26,144,79,146,638,2,24,3170,910
171,113,138,51,1515,17,45,245,1137,1076,98,950,9,32,40,6,161,4,197,88,669,229,191,27,146,95,158,651,2,26,3425,1000
162,111,136,53,1493,16,45,248,1173,1041,98,931,9,34,41,6,158,4,197,89,631,230,201,25,144,89,149,664,1,29,3292,1020
152,107,131,55,1432,14,47,267,1170,1024,97,820,8,35,38,5,155,4,185,78,595,227,188,24,140,81,146,681,2,29,3376,1130
142,106,113,48,1508,11,47,249,1193,1034,93,882,7,37,30,5,153,4,178,83,568,222,187,24,136,80,134,637,2,29,3168,1170
136,101,107,51,1375,12,52,210,1194,1024,88,920,6,38,27,5,147,3,177,77,558,217,181,23,134,120,142,667,4,33,3617,1070
146,96,133,57,1470,13,61,224,1198,995,84,840,7,37,29,5,147,3,176,69,556,221,193,22,132,102,222,708,2,33,4115,1070
179,93,121,62,1411,17,71,224,1193,984,83,759,8,37,38,5,146,3,159,91,571,218,176,22,129,80,149,773,2,34,4311,1040
191,89,123,55,1491,19,73,227,1231,1035,84,780,7,39,46,5,152,4,159,78,578,234,188,21,123,86,129,804,3,34,4607,1130
181,84,137,49,1317,21,66,221,1304,1048,85,844,7,41,48,6,153,4,174,88,568,237,176,20,123,78,150,821,2,35,4046,1140
170,83,119,44,1270,20,64,240,1426,1135,88,903,6,45,53,6,154,4,175,85,548,236,200,23,118,72,143,807,2,35,4125,1010
161,82,122,48,1291,23,64,239,1526,1193,90,894,7,49,57,6,153,5,175,97,557,231,173,22,117,85,151,779,3,30,4289,1010
168,89,146,53,1331,27,67,252,1570,1182,92,784,8,52,60,6,156,4,165,92,585,245,192,22,120,79,143,779,3,28,4321,1050
180,96,143,56,1332,31,75,287,1720,1225,96,960,9,57,66,6,168,4,188,89,644,251,209,24,128,85,162,840,3,30,5046,1120
182,101,160,64,1474,30,82,260,1823,1240,99,980,10,63,72,6,179,4,194,90,667,251,212,24,134,91,183,893,4,30,5181,1210
176,105,159,61,1387,33,86,277,1887,1245,100,928,10,69,78,6,183,4,192,98,664,253,210,24,139,90,186,890,4,33,5251,1400
164,107,166,68,1373,34,91,286,1875,1255,98,928,10,74,82,6,180,4,190,100,631,255,203,25,140,103,176,893,6,35,5142,1390
154,105,174,74,1288,32,97,244,1848,1252,94,861,10,77,83,6,177,4,189,90,612,248,206,26,144,132,206,927,8,38,5575,1380
160,106,167,80,1352,32,106,271,1807,1197,90,879,11,79,82,6,179,4,190,100,608,248,208,27,149,107,236,956,5,37,6448,1350
189,107,184,83,1418,35,114,299,1790,1190,89,814,11,82,80,6,186,4,183,115,633,259,222,29,154,104,172,970,5,35,6686,1350
196,108,207,77,1423,40,114,252,1822,1255,90,808,11,83,79,6,192,4,187,95,646,276,240,30,156,93,177,984,4,36,6459,1440
186,109,195,83,1314,37,105,292,1881,1253,92,925,10,85,80,6,193,5,205,127,647,286,232,29,166,90,188,999,5,36,6204,1490
171,112,196,82,1257,37,101,297,1924,1336,97,1081,10,88,85,6,195,5,213,108,633,282,257,31,167,98,180,982,4,35,6085,1370
169,119,192,81,1304,37,98,288,1946,1369,100,999,12,90,90,6,196,6,219,102,649,279,247,31,171,99,172,944,5,32,5902,1290
181,126,179,78,1286,43,98,318,1924,1325,102,988,12,89,94,6,202,5,209,75,694,286,263,31,174,90,187,899,4,35,5755,1250
205,144,205,78,1370,46,98,328,2009,1351,108,1054,14,83,100,6,206,4,235,93,812,289,259,33,184,102,212,953,4,36,6126,1250
200,150,211,83,1370,48,99,331,2063,1344,111,1066,14,82,100,6,211,4,241,100,818,301,274,32,184,106,210,967,5,40,6068,1200
191,151,187,83,1254,47,103,341,2103,1309,112,1052,15,86,101,5,210,4,234,76,803,306,266,32,182,96,206,952,5,36,5982,1300
182,155,189,81,1204,48,111,336,2124,1280,109,1003,13,92,107,5,209,5,224,104,770,312,257,32,177,103,231,937,7,38,5909,1400
173,151,195,82,1231,49,118,322,2113,1260,105,1002,13,93,108,5,204,5,220,93,756,305,240,32,173,122,205,961,9,39,6117,1350
176,145,182,91,1144,47,124,332,2091,1205,102,884,14,91,111,5,204,4,220,76,742,316,258,32,175,125,229,1014,5,41,6364,1330
198,141,197,98,1164,47,125,348,2068,1197,101,872,13,89,117,5,207,4,206,92,747,317,248,33,174,100,202,1047,5,41,6814,1240
203,142,198,96,1164,50,124,334,2097,1275,102,693,12,88,118,5,210,4,202,91,754,325,256,34,170,87,183,1064,6,39,6667,1350
196,148,189,92,1142,51,117,362,2135,1286,105,981,10,87,119,6,206,4,224,93,760,325,238,33,174,81,177,1091,6,40,6254,1290
190,160,196,93,1185,48,120,381,2157,1370,112,1114,10,87,121,6,207,4,224,101,757,325,253,36,172,90,180,1047,5,35,6198,1290
182,171,187,96,1144,43,120,370,2165,1424,116,1039,12,86,119,7,206,4,225,85,754,319,239,36,169,76,163,1013,6,33,6171,1200
172,172,177,104,1146,45,122,406,2127,1393,118,915,13,84,117,7,208,4,213,83,760,324,239,37,167,93,175,1001,5,31,5719,1100
158,173,190,101,1172,47,119,402,2234,1422,123,978,15,79,108,7,213,5,232,86,777,329,259,39,167,92,193,1026,5,34,6141,1130
146,168,196,104,1161,44,118,412,2289,1395,124,953,16,76,103,7,218,5,233,110,775,333,267,39,164,102,191,1032,4,36,5978,1170
143,163,173,96,1118,44,117,438,2305,1329,123,995,15,75,99,7,218,5,217,93,775,335,249,38,158,106,204,1003,4,38,5756,1220
146,162,185,99,1013,43,120,410,2240,1284,115,940,14,76,96,6,212,5,203,81,772,328,279,36,151,87,196,1001,6,42,5644,1250
147,156,178,97,1006,41,123,438,2214,1260,112,897,14,74,94,6,214,4,204,82,774,324,256,34,148,127,184,1043,11,42,5905,1210
152,151,178,104,1065,42,132,426,2205,1221,109,893,15,71,94,6,214,4,202,84,776,321,268,34,150,111,229,1087,3,44,6500,1260
177,148,179,111,1127,38,142,422,2236,1237,110,869,17,69,98,6,213,4,199,82,802,322,250,35,153,88,169,1115,5,45,6765,1190
184,147,172,108,1104,38,138,495,2293,1298,110,776,16,69,98,6,213,4,198,80,824,335,260,35,155,86,171,1149,6,43,6587,1190
173,146,185,106,968,37,127,454,2376,1289,110,1024,15,67,95,6,219,4,228,82,836,345,256,38,163,74,164,1171,5,41,6331,1060
162,152,172,101,1006,37,124,491,2420,1360,116,1066,15,66,91,6,214,4,236,102,837,356,264,43,168,79,166,1164,6,36,5951,1090
157,158,171,104,1062,35,123,531,2447,1394,120,1227,17,66,89,6,213,4,242,110,841,360,258,44,172,69,164,1109,4,35,5690,1060
155,162,177,104,957,33,126,555,2422,1359,124,1083,17,69,91,6,218,5,226,97,840,380,281,44,174,78,165,1089,4,34,5511,1000
159,168,170,105,1124,35,129,527,2562,1382,132,1136,20,74,93,6,222,5,256,89,856,377,245,43,174,87,190,1117,6,35,6016,1120
158,169,196,109,1017,34,131,566,2634,1355,135,1306,20,78,94,6,226,5,256,108,851,390,251,42,174,85,186,1108,5,33,5856,1120
156,170,185,110,883,34,129,608,2650,1337,136,1378,21,80,93,6,226,5,255,100,841,388,246,39,173,101,179,1093,5,32,5580,1170
157,172,178,113,956,29,126,558,2620,1336,130,1261,20,82,88,6,218,4,251,90,835,394,235,39,167,89,191,1048,6,33,5355,1250
156,166,183,109,1020,29,127,587,2617,1335,124,1202,21,80,82,6,206,4,249,81,833,384,240,40,166,114,195,1065,8,34,5574,1230
158,163,181,107,959,31,136,603,2583,1288,120,1199,23,76,80,6,201,5,247,101,829,381,236,42,172,109,224,1100,5,36,6153,1150
173,162,184,105,1037,31,141,587,2629,1271,123,1201,26,72,78,6,204,5,244,99,843,381,252,46,175,94,167,1120,3,37,6537,1120
179,161,210,103,988,32,138,628,2680,1326,125,1074,24,69,79,6,204,6,239,104,857,398,242,47,175,96,173,1144,6,39,6116,1090
172,162,186,99,948,28,125,634,2754,1337,130,1207,23,68,81,6,206,6,264,102,858,408,256,47,176,85,186,1145,5,39,5520,1070
169,174,191,96,998,28,119,609,2799,1440,140,1419,22,66,86,7,210,6,271,92,852,425,246,47,178,85,169,1125,3,39,5524,1090
168,182,213,96,971,27,118,652,2843,1491,146,1452,26,64,90,7,208,5,270,94,863,434,246,46,180,77,180,1080,3,37,5237,1000
172,182,188,102,963,27,120,641,2786,1462,149,1229,27,62,89,7,210,4,261,93,876,444,258,47,181,78,174,1048,4,40,5341,980
180,187,184,106,1073,29,124,658,2887,1500,153,1488,32,59,86,7,211,4,288,106,921,451,242,52,184,97,190,1101,4,40,5754,1010
182,189,213,105,1006,30,127,652,2940,1473,154,1507,33,58,83,7,213,4,297,103,926,443,248,54,183,99,193,1069,4,44,5479,1060
182,191,196,109,919,30,131,656,2932,1442,151,1462,31,57,83,7,209,4,301,114,911,442,245,53,179,105,211,1058,5,41,5203,1010
181,192,178,101,914,27,133,687,2913,1425,146,1455,30,56,76,7,207,5,292,97,893,429,266,52,174,96,202,1025,5,42,4842,1180
178,184,204,100,960,27,135,661,2861,1398,136,1362,29,55,72,7,205,5,291,93,871,421,252,50,171,126,190,1041,6,42,4986,1180
177,180,188,93,959,27,140,634,2784,1357,131,1249,31,54,74,7,201,5,293,101,849,403,264,49,175,101,225,1060,6,43,5688,1040
196,183,175,97,936,25,136,652,2766,1344,132,1227,34,59,73,7,204,5,295,111,852,410,248,50,177,84,170,1108,3,45,5687,940
199,180,216,97,911,25,129,678,2766,1389,132,1200,34,61,74,7,201,5,296,98,848,404,257,51,175,92,179,1141,4,49,5314,1060
192,181,200,95,937,26,117,657,2815,1416,139,1363,31,60,73,7,197,5,319,126,838,413,258,48,177,85,199,1108,5,49,4875,990
187,189,180,100,932,26,115,636,2865,1486,152,1519,29,55,72,7,188,5,323,109,820,410,251,49,174,91,175,1028,4,47,4915,1050
184,191,199,98,944,27,115,699,2860,1525,159,1531,31,54,76,7,188,5,314,122,826,407,255,48,171,96,170,991,4,44,4600,1000
184,191,189,106,915,26,117,664,2756,1479,163,1370,31,54,80,7,182,4,308,109,836,392,249,49,169,93,177,988,4,47,4401,900
188,192,184,102,1024,27,118,635,2826,1474,169,1580,33,52,81,7,174,4,337,119,881,383,242,54,170,93,199,973,5,44,4702,940
183,186,188,106,929,24,117,696,2816,1437,174,1543,33,51,81,7,172,4,344,111,877,385,233,54,169,103,196,961,3,45,4626,930
176,179,188,98,911,23,114,663,2808,1395,174,1536,34,49,80,7,169,4,345,126,841,375,240,53,166,119,202,927,5,40,4669,980
169,166,168,90,865,21,113,620,2742,1365,166,1394,29,47,71,7,168,4,333,94,791,372,240,50,162,99,218,896,5,41,4061,1050
163,155,174,92,825,20,112,666,2698,1355,155,1538,27,45,68,7,168,4,322,108,749,365,224,49,161,128,185,887,7,38,4338,1050
166,151,170,94,916,21,119,650,2632,1330,146,1328,30,45,66,7,166,4,309,107,718,363,249,47,163,129,221,880,4,44,4584,1030
189,157,158,95,861,22,125,611,2629,1342,144,1386,33,49,60,7,164,5,297,111,710,367,250,48,165,87,173,892,3,48,5087,1030
195,157,190,92,952,23,122,604,2624,1416,143,1247,32,51,59,7,159,4,293,110,705,359,256,48,166,91,181,911,5,52,4796,920
192,158,165,84,883,23,107,647,2649,1417,144,1479,30,51,56,8,153,4,307,111,696,359,263,47,165,100,172,910,4,49,4366,960
189,155,152,86,886,23,99,612,2670,1480,154,1682,29,49,61,8,152,4,311,100,682,354,243,48,165,87,186,848,5,46,4301,920
187,152,174,85,927,22,94,600,2655,1520,157,1763,34,49,66,9,147,4,304,118,685,349,258,47,165,97,176,782,3,39,4003,850
187,147,157,87,841,19,94,669,2577,1480,159,1401,34,48,70,9,153,3,302,106,685,357,238,47,165,104,158,772,3,43,3584,840
190,151,157,90,843,18,95,655,2632,1487,164,1461,36,47,66,9,158,4,327,106,708,360,233,49,166,97,203,804,4,46,4124,900
186,148,169,92,928,18,95,609,2650,1453,165,1475,37,47,65,9,161,4,323,113,691,366,232,48,164,126,200,802,4,52,3879,890
179,148,159,90,845,21,95,683,2645,1407,161,1529,35,46,64,9,154,4,320,105,652,342,222,48,160,117,192,779,4,52,3728,880
169,145,144,88,863,24,97,633,2623,1363,151,1385,30,41,61,9,147,4,312,109,607,332,233,48,156,125,203,785,5,52,3605,1000
160,136,134,86,776,22,98,549,2571,1350,141,1373,28,39,58,9,147,4,297,114,578,302,215,48,154,156,196,800,8,54,3824,940
160,127,139,92,815,21,102,638,2488,1312,134,1394,31,40,59,9,147,4,290,106,565,303,219,48,156,126,219,819,2,57,4078,920
174,123,142,91,790,18,102,630,2404,1327,133,1185,34,42,57,9,149,4,282,113,583,300,231,49,158,109,162,818,3,57,4410,910
181,121,137,93,737,20,97,549,2379,1407,133,1146,32,42,57,9,141,5,279,105,592,313,241,48,158,104,152,833,4,54,4064,920
181,116,144,87,803,20,85,641,2393,1381,135,1279,27,41,55,9,138,5,301,106,584,319,238,45,161,111,163,820,4,55,3643,900
187,119,125,87,851,20,82,623,2419,1432,143,1436,22,42,58,9,132,5,306,101,565,323,231,44,161,110,171,759,2,54,3605,780
187,120,129,85,891,22,79,587,2409,1455,148,1434,25,43,61,9,135,5,297,124,556,313,223,41,159,90,151,724,2,56,3458,830
186,118,133,86,777,19,78,621,2348,1429,145,1264,25,44,64,9,131,5,277,111,552,312,232,41,155,112,152,708,1,51,3262,760
180,117,120,90,822,20,76,644,2405,1461,147,1390,27,47,56,9,127,5,298,116,563,307,206,43,149,110,178,747,2,53,3741,810
176,115,125,95,843,18,76,619,2428,1457,143,1392,29,48,52,9,126,5,304,115,549,314,198,43,145,107,175,754,2,54,3581,790
177,118,112,100,832,21,80,634,2407,1381,136,1395,28,47,51,9,125,5,298,119,516,307,196,43,141,129,172,744,2,53,3617,840
183,115,101,94,747,19,84,611,2387,1320,123,1448,25,44,48,8,117,5,291,103,481,290,192,40,139,119,175,706,4,50,3391,950
181,109,106,90,748,18,88,598,2332,1308,111,1406,23,42,49,8,103,5,273,124,464,274,192,39,137,136,188,731,5,49,3356,900
181,105,118,90,770,20,93,575,2257,1293,106,1375,26,41,51,8,102,4,267,118,459,269,181,39,136,137,179,729,2,53,3869,910
188,102,118,99,761,20,91,601,2201,1342,107,1261,28,40,50,8,105,4,258,111,477,271,192,38,134,107,154,761,2,57,3960,810
184,99,108,102,724,26,87,603,2186,1462,106,1201,28,39,49,8,105,4,243,136,487,272,191,38,132,94,169,746,3,57,3944,810
168,96,119,105,717,23,75,560,2187,1422,107,1411,26,38,47,8,105,4,260,125,475,279,190,37,131,100,138,749,3,54,3616,770
154,96,104,99,702,22,72,601,2170,1463,116,1444,24,38,45,8,98,4,263,113,452,271,180,39,127,105,155,714,3,52,3422,750
151,96,101,94,680,20,71,601,2165,1470,120,1532,30,39,47,8,95,4,259,117,437,267,180,39,123,94,151,674,3,47,3202,790
159,98,101,89,611,21,73,594,2093,1441,122,1468,29,40,52,8,87,4,236,102,427,263,193,39,118,94,145,659,2,45,3075,700
178,105,101,91,690,20,74,615,2161,1463,126,1522,28,41,46,8,91,4,263,111,430,266,163,40,113,119,172,677,3,45,3636,760
186,107,102,89,739,17,73,598,2175,1436,124,1455,28,40,45,8,98,4,255,103,416,265,170,39,109,105,167,664,3,50,3424,740
183,104,103,83,708,17,69,560,2157,1378,117,1433,27,38,44,7,102,4,245,114,395,258,168,37,106,111,162,657,1,53,3112,770
171,95,101,80,716,19,65,574,2080,1293,107,1393,23,36,41,7,99,4,240,98,377,249,150,36,105,128,172,619,3,54,3046,860
160,88,82,81,603,21,64,562,2016,1269,94,1357,22,35,39,7,96,4,232,107,370,237,147,35,104,148,179,644,4,53,3136,900
154,86,82,84,606,19,69,505,1943,1242,88,1270,23,37,41,7,95,3,218,105,364,232,141,36,101,114,184,660,3,52,3510,840
164,88,83,87,641,17,76,545,1910,1298,89,1341,24,39,40,7,101,4,206,100,376,230,162,38,101,100,169,682,1,49,3713,740
163,89,82,88,695,15,74,527,1916,1381,90,1225,23,40,40,7,98,4,193,112,386,237,164,38,102,105,149,685,3,49,3629,750
154,86,84,85,662,17,66,519,1937,1299,87,1352,19,39,41,8,96,4,217,107,382,235,155,35,105,102,156,680,2,47,3158,790
152,89,76,83,720,18,62,544,1963,1304,94,1384,16,36,39,8,91,4,203,98,362,232,165,34,108,93,154,666,2,46,2880,730
145,89,67,76,586,18,60,553,1966,1304,97,1416,22,36,40,8,92,4,198,111,353,215,157,31,107,81,140,648,2,43,2877,720
141,85,65,79,603,19,60,549,1910,1311,96,1296,23,35,46,8,90,4,184,110,345,216,165,30,102,103,154,647,4,45,2747,720
136,81,84,76,588,22,59,541,1968,1407,99,1460,25,37,41,8,91,4,201,96,347,215,148,32,96,122,179,658,4,46,3110,640
132,76,71,80,615,21,59,579,1969,1410,96,1330,24,37,41,8,90,4,196,106,330,207,140,32,91,112,143,657,2,46,3114,670
134,74,60,76,610,18,60,519,1930,1358,89,1475,21,35,42,8,90,4,187,100,304,197,151,30,88,110,167,629,2,45,2898,690
140,74,70,74,591,16,61,517,1877,1286,80,1430,16,32,39,8,83,4,176,93,277,184,131,28,88,102,167,597,4,43,2576,720
136,73,64,73,583,16,64,511,1821,1250,70,1261,14,30,37,8,77,3,169,90,263,182,127,27,89,130,145,605,3,46,2549,670
131,71,64,73,587,17,68,479,1751,1208,69,1296,16,29,40,8,80,3,165,91,261,175,130,27,88,89,200,625,2,47,3238,720
135,73,62,76,558,17,72,505,1713,1230,69,1193,20,30,39,8,87,4,151,104,276,176,131,29,85,88,166,638,3,50,3456,680
130,72,83,72,585,19,69,503,1712,1314,69,1021,19,29,38,8,93,3,147,119,289,188,133,29,84,96,161,652,2,49,3220,700
123,69,68,70,590,20,62,468,1724,1270,67,1212,16,29,39,8,88,3,166,108,293,184,125,26,85,90,167,661,1,53,2765,680
126,67,61,65,601,20,62,484,1747,1321,74,1411,13,30,39,8,81,3,163,86,291,187,141,24,86,76,143,625,4,53,2742,620
125,65,62,70,604,17,60,525,1741,1334,76,1322,17,31,40,8,77,3,156,92,303,188,134,22,85,67,142,579,1,48,2709,660
124,65,66,76,510,16,57,469,1702,1331,76,1266,18,31,44,8,73,3,146,99,322,194,132,22,81,74,155,561,1,45,2613,630
122,71,60,80,582,15,50,514,1772,1358,80,1384,21,30,44,8,76,4,172,90,360,199,138,26,78,83,167,587,2,46,3109,710
116,71,49,85,584,16,47,527,1791,1322,79,1350,22,29,44,8,76,4,163,107,357,195,132,27,74,87,167,575,2,48,2880,630
113,69,55,81,601,14,48,471,1788,1260,73,1279,20,27,45,8,74,4,159,95,325,189,129,26,70,74,180,552,2,45,2701,680
112,65,57,79,570,18,54,455,1741,1181,65,1298,15,24,40,8,70,4,145,102,272,185,133,25,69,96,155,525,3,41,2323,770
111,62,58,68,555,19,57,444,1700,1154,57,1155,13,22,39,8,68,4,140,92,245,173,129,25,69,116,167,554,4,40,2532,700
115,60,51,67,523,17,63,411,1648,1136,55,1133,15,23,41,8,70,4,140,86,236,174,128,24,70,74,200,,4,45,3066,650
129,62,60,69,509,,69,,1622,1171,58,1154,17,25,42,8,,4,133,97,250,175,130,26,70,83,188,,2,,3329,630
,,,,,,64,,,,,,,,,,,,,,,,,,,,,,,,,
